{"proxies":{"ti.googlesignin.GooglesigninModule":{"superPackageName":"org.appcelerator.kroll","methods":{"signIn":{"runOnUiThread":false,"hasInvocation":false,"args":[],"apiName":"signIn","converter":"org.appcelerator.kroll.KrollConverter","defaultValueProvider":"org.appcelerator.kroll.KrollConverter","name":"__default_name__","returnType":"void"},"signOut":{"runOnUiThread":false,"hasInvocation":false,"args":[],"apiName":"signOut","converter":"org.appcelerator.kroll.KrollConverter","defaultValueProvider":"org.appcelerator.kroll.KrollConverter","name":"__default_name__","returnType":"void"},"initialize":{"runOnUiThread":false,"hasInvocation":false,"args":[{"converter":"org.appcelerator.kroll.KrollConverter","defaultValueProvider":"org.appcelerator.kroll.KrollConverter","name":"opts","sourceName":"opts","type":"org.appcelerator.kroll.KrollDict"}],"apiName":"initialize","converter":"org.appcelerator.kroll.KrollConverter","defaultValueProvider":"org.appcelerator.kroll.KrollConverter","name":"__default_name__","returnType":"void"}},"superProxyBindingClassName":"org.appcelerator.kroll.KrollModuleBindingGen","proxyClassName":"GooglesigninModule","proxyAttrs":{"propertyAccessors":[],"fullAPIName":"Googlesignin","name":"Googlesignin","proxyClassName":"ti.googlesignin.GooglesigninModule","isTopLevel":false,"id":"ti.googlesignin"},"packageName":"ti.googlesignin","sourceName":"ti.googlesignin.GooglesigninModuleBindingGen","constants":{"INVALID_ACCOUNT":{"proxyName":"INVALID_ACCOUNT","name":"INVALID_ACCOUNT","type":"int","value":5},"INTERNAL_ERROR":{"proxyName":"INTERNAL_ERROR","name":"INTERNAL_ERROR","type":"int","value":8},"NETWORK_ERROR":{"proxyName":"NETWORK_ERROR","name":"NETWORK_ERROR","type":"int","value":7},"SIGN_IN_REQUIRED":{"proxyName":"SIGN_IN_REQUIRED","name":"SIGN_IN_REQUIRED","type":"int","value":12501}},"superProxyClassName":"KrollModule","isModule":true,"genClassName":"GooglesigninModuleBindingGen","onAppCreate":"onAppCreate"}},"modules":{"ti.googlesignin.GooglesigninModule":{"apiName":"Googlesignin"}}}